ue_count,kpi,rr,pf,diff,diff_pct
1,rrc_connected,1.0,1.0,0.0,0.0
1,agg_dl_throughput_mbps,0.0037546666666666666,0.0037546666666666666,0.0,0.0
1,parser.totalRxBytes,14080.0,14080.0,0.0,0.0
1,flowmon.lostPackets,0.0,0.0,0.0,nan
1,flowmon.packet_loss_pct,0.0,0.0,0.0,nan
1,flowmon.mean_delay_ms,1.5042,1.5042,0.0,0.0
1,flowmon.mean_jitter_ms,0.22067090909090908,0.22067090909090908,0.0,0.0
1,per_ue_tput_min_mbps,0.0037546666666666666,0.0037546666666666666,0.0,0.0
1,per_ue_tput_max_mbps,0.0037546666666666666,0.0037546666666666666,0.0,0.0
1,per_ue_tput_CoV,0.0,0.0,0.0,nan
1,per_ue_tput_Jain_fairness,1.0,1.0,0.0,0.0
1,parser.avgUeSinrDb,63.4703,63.4703,0.0,0.0
1,parser.avgUeMcs,27.745454545454546,27.745454545454546,0.0,0.0
1,rxtrace.mean_dl_mcs,27.745454545454546,27.745454545454546,0.0,0.0
1,rxtrace.mean_dl_sinr_db,63.47029999999999,63.47029999999999,0.0,0.0
1,rxtrace.dl_bler_pct,0.0,0.0,0.0,nan
1,rxtrace.harq_retx,0.0,0.0,0.0,nan
1,parser.avgUeRlcDelayMs,1.1724,1.1724,0.0,0.0
1,parser.avgUePdcpDelayMs,1.50392,1.50392,0.0,0.0
1,run.wallClockSeconds,2.44679,2.46454,0.017749999999999932,0.7254402707220453
10,rrc_connected,10.0,10.0,0.0,0.0
10,agg_dl_throughput_mbps,1.8426176,1.8426176,0.0,0.0
10,parser.totalRxBytes,6909816.0,6909816.0,0.0,0.0
10,flowmon.lostPackets,0.0,0.0,0.0,nan
10,flowmon.packet_loss_pct,0.0,0.0,0.0,nan
10,flowmon.mean_delay_ms,1.4935229335948252,1.4935268449377197,3.9113428944581585e-06,0.00026188703276512653
10,flowmon.mean_jitter_ms,0.18875401687032098,0.1887586713683653,4.654498044320832e-06,0.0024659067507520095
10,per_ue_tput_min_mbps,0.0037546666666666666,0.0037546666666666666,0.0,0.0
10,per_ue_tput_max_mbps,0.731888,0.731888,0.0,0.0
10,per_ue_tput_CoV,1.242238270231735,1.242238270231735,0.0,0.0
10,per_ue_tput_Jain_fairness,0.3932122258508079,0.3932122258508079,0.0,0.0
10,parser.avgUeSinrDb,63.757899999999985,63.757899999999985,0.0,0.0
10,parser.avgUeMcs,27.7392193885919,27.7392193885919,0.0,0.0
10,rxtrace.mean_dl_mcs,27.893188010899184,27.893188010899184,0.0,0.0
10,rxtrace.mean_dl_sinr_db,63.75376836512262,63.75376836512262,0.0,0.0
10,rxtrace.dl_bler_pct,0.0,0.0,0.0,nan
10,rxtrace.harq_retx,0.0,0.0,0.0,nan
10,parser.avgUeRlcDelayMs,1.207114,1.207114,0.0,0.0
10,parser.avgUePdcpDelayMs,1.492207,1.492212,5.000000000032756e-06,0.000335074155263496
10,run.wallClockSeconds,14.1763,14.2013,0.025000000000000355,0.17635066977984634
25,rrc_connected,25.0,25.0,0.0,0.0
25,agg_dl_throughput_mbps,5.013700266666667,5.013700266666667,0.0,0.0
25,parser.totalRxBytes,18801376.0,18801376.0,0.0,0.0
25,flowmon.lostPackets,0.0,0.0,0.0,nan
25,flowmon.packet_loss_pct,0.00505229121406936,0.00505229121406936,0.0,0.0
25,flowmon.mean_delay_ms,1.5716233374516229,1.5707944677086498,-0.0008288697429730263,-0.05273971970389758
25,flowmon.mean_jitter_ms,0.19519270099541053,0.1936922168640421,-0.0015004841313684403,-0.768719385364579
25,per_ue_tput_min_mbps,0.0037546666666666666,0.0037546666666666666,0.0,0.0
25,per_ue_tput_max_mbps,0.731888,0.731888,0.0,0.0
25,per_ue_tput_CoV,1.221879262821006,1.221879262821006,0.0,0.0
25,per_ue_tput_Jain_fairness,0.401124925505354,0.401124925505354,0.0,0.0
25,parser.avgUeSinrDb,63.799296,63.799296,0.0,0.0
25,parser.avgUeMcs,27.551263063243965,27.56629993867292,0.015036875428954488,0.05457780790099285
25,rxtrace.mean_dl_mcs,27.829765852678122,27.836759310448812,0.00699345777069027,0.02512941649495507
25,rxtrace.mean_dl_sinr_db,63.84232958496633,63.84232519475297,-4.3902133555207e-06,-6.87664968377738e-06
25,rxtrace.dl_bler_pct,0.0,0.0,0.0,nan
25,rxtrace.harq_retx,0.0,0.0,0.0,nan
25,parser.avgUeRlcDelayMs,1.278618,1.2777904,-0.0008276000000000394,-0.06472613399780383
25,parser.avgUePdcpDelayMs,1.5695248000000002,1.5686968,-0.000828000000000273,-0.05275482107707205
25,run.wallClockSeconds,45.3441,45.3235,-0.020599999999994623,-0.045430386753722365
50,rrc_connected,50.0,50.0,0.0,0.0
50,agg_dl_throughput_mbps,10.027400533333333,10.027400533333333,0.0,0.0
50,parser.totalRxBytes,37602752.0,37602752.0,0.0,0.0
50,flowmon.lostPackets,0.0,0.0,0.0,nan
50,flowmon.packet_loss_pct,0.00505229121406936,0.00505229121406936,0.0,0.0
50,flowmon.mean_delay_ms,1.7016009791154043,1.7005413214799978,-0.0010596576354064968,-0.06227415524627703
50,flowmon.mean_jitter_ms,0.2131438735838451,0.26292123033333553,0.04977735674949044,23.353876380551636
50,per_ue_tput_min_mbps,0.0037546666666666666,0.0037546666666666666,0.0,0.0
50,per_ue_tput_max_mbps,0.731888,0.731888,0.0,0.0
50,per_ue_tput_CoV,1.221879262821006,1.221879262821006,0.0,0.0
50,per_ue_tput_Jain_fairness,0.401124925505354,0.401124925505354,0.0,0.0
50,parser.avgUeSinrDb,63.807828,63.807828,0.0,0.0
50,parser.avgUeMcs,27.572955590559054,27.56870614462291,-0.004249445936142848,-0.015411644653712253
50,rxtrace.mean_dl_mcs,27.839638281838734,27.839638281838734,0.0,0.0
50,rxtrace.mean_dl_sinr_db,63.84001147199197,63.83998306706857,-2.8404923398284154e-05,-4.449391963337291e-05
50,rxtrace.dl_bler_pct,0.0,0.0,0.0,nan
50,rxtrace.harq_retx,0.0,0.0,0.0,nan
50,parser.avgUeRlcDelayMs,1.3121665999999998,1.3122355999999997,6.899999999987472e-05,0.005258478610861968
50,parser.avgUePdcpDelayMs,1.698229,1.6971713999999998,-0.001057600000000214,-0.06227664231385837
50,run.wallClockSeconds,112.109,112.536,0.4270000000000067,0.380879322801922
100,rrc_connected,100.0,100.0,0.0,0.0
100,agg_dl_throughput_mbps,20.337192533333337,20.337192533333337,0.0,0.0
100,parser.totalRxBytes,76264472.0,76264472.0,0.0,0.0
100,flowmon.lostPackets,0.0,0.0,0.0,nan
100,flowmon.packet_loss_pct,0.00622827887741817,0.00622827887741817,0.0,0.0
100,flowmon.mean_delay_ms,1.9574698993157993,1.9572222047500911,-0.0002476945657081675,-0.012653812239705192
100,flowmon.mean_jitter_ms,0.2595647972861906,0.4833317906961207,0.22376699340993011,86.20852894901978
100,per_ue_tput_min_mbps,0.0037546666666666666,0.0037546666666666666,0.0,0.0
100,per_ue_tput_max_mbps,0.731888,0.731888,0.0,0.0
100,per_ue_tput_CoV,1.2131574096105826,1.2131574096105826,0.0,0.0
100,per_ue_tput_Jain_fairness,0.4045715123641797,0.4045715123641797,0.0,0.0
100,parser.avgUeSinrDb,63.82332399999999,63.82332399999999,0.0,0.0
100,parser.avgUeMcs,27.739383351765,27.755402251361613,0.016018899596613068,0.05774785759826135
100,rxtrace.mean_dl_mcs,27.88155315717653,27.880861410211878,-0.000691746964651685,-0.0024810201955110015
100,rxtrace.mean_dl_sinr_db,63.84492988959186,63.84494203716567,1.2147573812626433e-05,1.9026685178656227e-05
100,rxtrace.dl_bler_pct,0.0,0.0,0.0,nan
100,rxtrace.harq_retx,0.0,0.0,0.0,nan
100,parser.avgUeRlcDelayMs,1.3443110000000003,1.3449403999999998,0.0006293999999995581,0.04681952316090235
100,parser.avgUePdcpDelayMs,1.9514622,1.9512148999999999,-0.00024730000000006136,-0.012672548820062277
100,run.wallClockSeconds,311.52,314.461,2.941000000000031,0.9440806368772571
150,rrc_connected,150.0,150.0,0.0,0.0
150,agg_dl_throughput_mbps,30.364593066666668,30.364593066666668,0.0,0.0
150,parser.totalRxBytes,113867224.0,113867224.0,0.0,0.0
150,flowmon.lostPackets,0.0,0.0,0.0,nan
150,flowmon.packet_loss_pct,0.005839903224458265,0.005839903224458265,0.0,0.0
150,flowmon.mean_delay_ms,2.237280920483232,2.2368816711950568,-0.00039924928817525185,-0.017845290885018485
150,flowmon.mean_jitter_ms,0.3080943787632549,0.7936493102183614,0.4855549314551065,157.59941268782944
150,per_ue_tput_min_mbps,0.0037546666666666666,0.0037546666666666666,0.0,0.0
150,per_ue_tput_max_mbps,0.731888,0.731888,0.0,0.0
150,per_ue_tput_CoV,1.2160617057590184,1.2160617057590184,0.0,0.0
150,per_ue_tput_Jain_fairness,0.4034200219249166,0.4034200219249166,0.0,0.0
150,parser.avgUeSinrDb,63.81022533333334,63.81022533333334,0.0,0.0
150,parser.avgUeMcs,27.853103718333532,27.83504569944389,-0.018058018889643535,-0.06483305800407925
150,rxtrace.mean_dl_mcs,27.924049790321508,27.91801014890608,-0.0060396414154269,-0.02162881623825296
150,rxtrace.mean_dl_sinr_db,63.814836587232904,63.81483595790699,-6.293259104950266e-07,-9.861749150368154e-07
150,rxtrace.dl_bler_pct,0.0,0.0,0.0,nan
150,rxtrace.harq_retx,0.0,0.0,0.0,nan
150,parser.avgUeRlcDelayMs,1.3515362666666666,1.3516102,7.393333333349794e-05,0.0054703181229344205
150,parser.avgUePdcpDelayMs,2.228731466666667,2.2283320666666664,-0.0003994000000004938,-0.01792050796491172
150,run.wallClockSeconds,680.127,670.573,-9.553999999999974,-1.404737644586963
200,rrc_connected,200.0,200.0,0.0,0.0
200,agg_dl_throughput_mbps,40.67438506666667,40.67438506666667,0.0,0.0
200,parser.totalRxBytes,152528944.0,152528944.0,0.0,0.0
200,flowmon.lostPackets,0.0,0.0,0.0,nan
200,flowmon.packet_loss_pct,0.00622827887741817,0.00622827887741817,0.0,0.0
200,flowmon.mean_delay_ms,2.518523405619914,2.5217090265188022,0.003185620898888075,0.1264876431872572
200,flowmon.mean_jitter_ms,0.3714484032753261,1.0734876089176792,0.7020392056423532,189.0004639815306
200,per_ue_tput_min_mbps,0.0037546666666666666,0.0037546666666666666,0.0,0.0
200,per_ue_tput_max_mbps,0.731888,0.731888,0.0,0.0
200,per_ue_tput_CoV,1.2131574096105826,1.2131574096105826,0.0,0.0
200,per_ue_tput_Jain_fairness,0.4045715123641797,0.4045715123641797,0.0,0.0
200,parser.avgUeSinrDb,63.8146145,63.8146145,0.0,0.0
200,parser.avgUeMcs,nan,nan,nan,nan
200,rxtrace.mean_dl_mcs,27.93961279095062,27.937702758132076,-0.0019100328185430726,-0.006836289510646742
200,rxtrace.mean_dl_sinr_db,63.8108073961279,63.81080696866495,-4.2746295036977244e-07,-6.698911482441316e-07
200,rxtrace.dl_bler_pct,0.0,0.0,0.0,nan
200,rxtrace.harq_retx,0.0,0.0,0.0,nan
200,parser.avgUeRlcDelayMs,1.35682555,1.3586389999999997,0.0018134499999997722,0.13365388055964691
200,parser.avgUePdcpDelayMs,2.5073314499999997,2.5105166500000005,0.0031852000000007763,0.12703545835556668
200,run.wallClockSeconds,884.727,865.621,-19.105999999999995,-2.159536218517124
