imsi,cellId,rnti,attachStartMs,rrcSetupCompleteMs,initialUeMessageMs,authRequestMs,authResponseMs,securityModeCommandNasMs,securityModeCompleteNasMs,initialContextSetupRequestMs,securityModeCommandAsMs,securityModeCompleteAsMs,ueCapabilityEnquiryMs,ueCapabilityInformationMs,initialContextSetupResponseMs,rrcBearerHintMs,shadowInstantiationMs,rrcBearerHintAckMs,registrationAcceptMs,registrationCompleteMs,pduSessionEstablishmentRequestMs,shadowMatchCheckMs,pduSessionResourceSetupRequestMs,pduSessionEstablishmentAcceptMs,pduSessionResourceSetupResponseMs,dataReadyMs,rrcSetupLatencyMs,firstDataPacketTimeMs,attachToFirstDataPacketLatencyMs,coreSignalingLatencyMs,totalAttachToDataLatencyMs,drbActiveMs,bearerSetupLatencyMs,signalingMessageCount
1,1,1,0,18.0357,18.1357,18.2357,18.3357,18.4357,18.5357,18.6357,18.7357,18.8357,18.9357,19.0357,19.1357,19.2357,19.2857,19.3857,19.4857,19.5857,19.6857,19.6857,19.7857,19.8857,19.9857,19.9857,18.0357,672.279,672.279,1.95,19.9857,19.3857,-0.2,19
2,1,2,0,18.0357,18.1357,18.2357,18.3357,18.4357,18.5357,18.6357,18.7357,18.8357,18.9357,19.0357,19.1357,19.2357,19.2857,19.3857,19.4857,19.5857,19.6857,19.6857,19.7857,19.8857,19.9857,19.9857,18.0357,672.35,672.35,1.95,19.9857,19.3857,-0.2,19
3,1,3,0,18.0357,18.1357,18.2357,18.3357,18.4357,18.5357,18.6357,18.7357,18.8357,18.9357,19.0357,19.1357,19.2357,19.2857,19.3857,19.4857,19.5857,19.6857,19.6857,19.7857,19.8857,19.9857,19.9857,18.0357,672.421,672.421,1.95,19.9857,19.3857,-0.2,19
4,1,4,0,18.0357,18.1357,18.2357,18.3357,18.4357,18.5357,18.6357,18.7357,18.8357,18.9357,19.0357,19.1357,19.2357,19.2857,19.3857,19.4857,19.5857,19.6857,19.6857,19.7857,19.8857,19.9857,19.9857,18.0357,672.493,672.493,1.95,19.9857,19.3857,-0.2,19
5,1,5,0,18.0357,18.1357,18.2357,18.3357,18.4357,18.5357,18.6357,18.7357,18.8357,18.9357,19.0357,19.1357,19.2357,19.2857,19.3857,19.4857,19.5857,19.6857,19.6857,19.7857,19.8857,19.9857,19.9857,18.0357,672.529,672.529,1.95,19.9857,19.3857,-0.2,19
6,1,6,0,18.0357,18.1357,18.2357,18.3357,18.4357,18.5357,18.6357,18.7357,18.8357,18.9357,19.0357,19.1357,19.2357,19.2857,19.3857,19.4857,19.5857,19.6857,19.6857,19.7857,19.8857,19.9857,19.9857,18.0357,672.564,672.564,1.95,19.9857,19.3857,-0.2,19
7,1,7,0,18.0357,18.1357,18.2357,18.3357,18.4357,18.5357,18.6357,18.7357,18.8357,18.9357,19.0357,19.1357,19.2357,19.2857,19.3857,19.4857,19.5857,19.6857,19.6857,19.7857,19.8857,19.9857,19.9857,18.0357,674.421,674.421,1.95,19.9857,19.3857,-0.2,19
8,1,8,0,18.0357,18.1357,18.2357,18.3357,18.4357,18.5357,18.6357,18.7357,18.8357,18.9357,19.0357,19.1357,19.2357,19.2857,19.3857,19.4857,19.5857,19.6857,19.6857,19.7857,19.8857,19.9857,19.9857,18.0357,672.064,672.064,1.95,19.9857,19.3857,-0.2,19
9,1,9,0,18.0357,18.1357,18.2357,18.3357,18.4357,18.5357,18.6357,18.7357,18.8357,18.9357,19.0357,19.1357,19.2357,19.2857,19.3857,19.4857,19.5857,19.6857,19.6857,19.7857,19.8857,19.9857,19.9857,18.0357,674.457,674.457,1.95,19.9857,19.3857,-0.2,19
10,1,10,0,18.0357,18.1357,18.2357,18.3357,18.4357,18.5357,18.6357,18.7357,18.8357,18.9357,19.0357,19.1357,19.2357,19.2857,19.3857,19.4857,19.5857,19.6857,19.6857,19.7857,19.8857,19.9857,19.9857,18.0357,674.493,674.493,1.95,19.9857,19.3857,-0.2,19
11,1,11,0,18.0357,18.1357,18.2357,18.3357,18.4357,18.5357,18.6357,18.7357,18.8357,18.9357,19.0357,19.1357,19.2357,19.2857,19.3857,19.4857,19.5857,19.6857,19.6857,19.7857,19.8857,19.9857,19.9857,18.0357,674.529,674.529,1.95,19.9857,19.3857,-0.2,19
117,1,151,0,22.0357,22.1357,22.2357,22.3357,22.4357,22.5357,22.6357,22.7357,22.8357,22.9357,23.0357,23.1357,23.2357,23.2857,23.3857,23.4857,23.5857,23.6857,23.6857,23.7857,23.8857,23.9857,23.9857,22.0357,417.814,417.814,1.95,23.9857,23.3857,-0.2,19
118,1,152,0,22.0357,22.1357,22.2357,22.3357,22.4357,22.5357,22.6357,22.7357,22.8357,22.9357,23.0357,23.1357,23.2357,23.2857,23.3857,23.4857,23.5857,23.6857,23.6857,23.7857,23.8857,23.9857,23.9857,22.0357,417.85,417.85,1.95,23.9857,23.3857,-0.2,19
119,1,153,0,22.0357,22.1357,22.2357,22.3357,22.4357,22.5357,22.6357,22.7357,22.8357,22.9357,23.0357,23.1357,23.2357,23.2857,23.3857,23.4857,23.5857,23.6857,23.6857,23.7857,23.8857,23.9857,23.9857,22.0357,417.886,417.886,1.95,23.9857,23.3857,-0.2,19
120,1,154,0,22.0357,22.1357,22.2357,22.3357,22.4357,22.5357,22.6357,22.7357,22.8357,22.9357,23.0357,23.1357,23.2357,23.2857,23.3857,23.4857,23.5857,23.6857,23.6857,23.7857,23.8857,23.9857,23.9857,22.0357,417.921,417.921,1.95,23.9857,23.3857,-0.2,19
121,1,155,0,22.0357,22.1357,22.2357,22.3357,22.4357,22.5357,22.6357,22.7357,22.8357,22.9357,23.0357,23.1357,23.2357,23.2857,23.3857,23.4857,23.5857,23.6857,23.6857,23.7857,23.8857,23.9857,23.9857,22.0357,417.957,417.957,1.95,23.9857,23.3857,-0.2,19
122,1,156,0,22.0357,22.1357,22.2357,22.3357,22.4357,22.5357,22.6357,22.7357,22.8357,22.9357,23.0357,23.1357,23.2357,23.2857,23.3857,23.4857,23.5857,23.6857,23.6857,23.7857,23.8857,23.9857,23.9857,22.0357,417.993,417.993,1.95,23.9857,23.3857,-0.2,19
123,1,157,0,22.0357,22.1357,22.2357,22.3357,22.4357,22.5357,22.6357,22.7357,22.8357,22.9357,23.0357,23.1357,23.2357,23.2857,23.3857,23.4857,23.5857,23.6857,23.6857,23.7857,23.8857,23.9857,23.9857,22.0357,418.029,418.029,1.95,23.9857,23.3857,-0.2,19
124,1,158,0,22.0357,22.1357,22.2357,22.3357,22.4357,22.5357,22.6357,22.7357,22.8357,22.9357,23.0357,23.1357,23.2357,23.2857,23.3857,23.4857,23.5857,23.6857,23.6857,23.7857,23.8857,23.9857,23.9857,22.0357,418.064,418.064,1.95,23.9857,23.3857,-0.2,19
125,1,159,0,22.0357,22.1357,22.2357,22.3357,22.4357,22.5357,22.6357,22.7357,22.8357,22.9357,23.0357,23.1357,23.2357,23.2857,23.3857,23.4857,23.5857,23.6857,23.6857,23.7857,23.8857,23.9857,23.9857,22.0357,424.993,424.993,1.95,23.9857,23.3857,-0.2,19
126,1,160,0,22.0357,22.1357,22.2357,22.3357,22.4357,22.5357,22.6357,22.7357,22.8357,22.9357,23.0357,23.1357,23.2357,23.2857,23.3857,23.4857,23.5857,23.6857,23.6857,23.7857,23.8857,23.9857,23.9857,22.0357,425.029,425.029,1.95,23.9857,23.3857,-0.2,19
127,1,161,0,22.0357,22.1357,22.2357,22.3357,22.4357,22.5357,22.6357,22.7357,22.8357,22.9357,23.0357,23.1357,23.2357,23.2857,23.3857,23.4857,23.5857,23.6857,23.6857,23.7857,23.8857,23.9857,23.9857,22.0357,425.064,425.064,1.95,23.9857,23.3857,-0.2,19
12,1,290,0,26.5357,26.6357,26.7357,26.8357,26.9357,27.0357,27.1357,27.2357,27.3357,27.4357,27.5357,27.6357,27.7357,27.7857,27.8857,27.9857,28.0857,28.1857,28.1857,28.2857,28.3857,28.4857,28.4857,26.5357,672.207,672.207,1.95,28.4857,27.8857,-0.2,19
13,1,291,0,26.5357,26.6357,26.7357,26.8357,26.9357,27.0357,27.1357,27.2357,27.3357,27.4357,27.5357,27.6357,27.7357,27.7857,27.8857,27.9857,28.0857,28.1857,28.1857,28.2857,28.3857,28.4857,28.4857,26.5357,672.171,672.171,1.95,28.4857,27.8857,-0.2,19
14,1,292,0,26.5357,26.6357,26.7357,26.8357,26.9357,27.0357,27.1357,27.2357,27.3357,27.4357,27.5357,27.6357,27.7357,27.7857,27.8857,27.9857,28.0857,28.1857,28.1857,28.2857,28.3857,28.4857,28.4857,26.5357,673.064,673.064,1.95,28.4857,27.8857,-0.2,19
15,1,293,0,26.5357,26.6357,26.7357,26.8357,26.9357,27.0357,27.1357,27.2357,27.3357,27.4357,27.5357,27.6357,27.7357,27.7857,27.8857,27.9857,28.0857,28.1857,28.1857,28.2857,28.3857,28.4857,28.4857,26.5357,673.029,673.029,1.95,28.4857,27.8857,-0.2,19
16,1,294,0,26.5357,26.6357,26.7357,26.8357,26.9357,27.0357,27.1357,27.2357,27.3357,27.4357,27.5357,27.6357,27.7357,27.7857,27.8857,27.9857,28.0857,28.1857,28.1857,28.2857,28.3857,28.4857,28.4857,26.5357,672.993,672.993,1.95,28.4857,27.8857,-0.2,19
17,1,295,0,26.5357,26.6357,26.7357,26.8357,26.9357,27.0357,27.1357,27.2357,27.3357,27.4357,27.5357,27.6357,27.7357,27.7857,27.8857,27.9857,28.0857,28.1857,28.1857,28.2857,28.3857,28.4857,28.4857,26.5357,672.957,672.957,1.95,28.4857,27.8857,-0.2,19
18,1,296,0,26.5357,26.6357,26.7357,26.8357,26.9357,27.0357,27.1357,27.2357,27.3357,27.4357,27.5357,27.6357,27.7357,27.7857,27.8857,27.9857,28.0857,28.1857,28.1857,28.2857,28.3857,28.4857,28.4857,26.5357,672.921,672.921,1.95,28.4857,27.8857,-0.2,19
19,1,297,0,26.5357,26.6357,26.7357,26.8357,26.9357,27.0357,27.1357,27.2357,27.3357,27.4357,27.5357,27.6357,27.7357,27.7857,27.8857,27.9857,28.0857,28.1857,28.1857,28.2857,28.3857,28.4857,28.4857,26.5357,672.886,672.886,1.95,28.4857,27.8857,-0.2,19
20,1,298,0,26.5357,26.6357,26.7357,26.8357,26.9357,27.0357,27.1357,27.2357,27.3357,27.4357,27.5357,27.6357,27.7357,27.7857,27.8857,27.9857,28.0857,28.1857,28.1857,28.2857,28.3857,28.4857,28.4857,26.5357,672.85,672.85,1.95,28.4857,27.8857,-0.2,19
21,1,299,0,26.5357,26.6357,26.7357,26.8357,26.9357,27.0357,27.1357,27.2357,27.3357,27.4357,27.5357,27.6357,27.7357,27.7857,27.8857,27.9857,28.0857,28.1857,28.1857,28.2857,28.3857,28.4857,28.4857,26.5357,672.814,672.814,1.95,28.4857,27.8857,-0.2,19
22,1,300,0,26.5357,26.6357,26.7357,26.8357,26.9357,27.0357,27.1357,27.2357,27.3357,27.4357,27.5357,27.6357,27.7357,27.7857,27.8857,27.9857,28.0857,28.1857,28.1857,28.2857,28.3857,28.4857,28.4857,26.5357,672.779,672.779,1.95,28.4857,27.8857,-0.2,19
23,1,301,0,26.5357,26.6357,26.7357,26.8357,26.9357,27.0357,27.1357,27.2357,27.3357,27.4357,27.5357,27.6357,27.7357,27.7857,27.8857,27.9857,28.0857,28.1857,28.1857,28.2857,28.3857,28.4857,28.4857,26.5357,672.743,672.743,1.95,28.4857,27.8857,-0.2,19
128,1,418,0,31.0357,31.1357,31.2357,31.3357,31.4357,31.5357,31.6357,31.7357,31.8357,31.9357,32.0357,32.1357,32.2357,32.2857,32.3857,32.4857,32.5857,32.6857,32.6857,32.7857,32.8857,32.9857,32.9857,31.0357,424.957,424.957,1.95,32.9857,32.3857,-0.2,19
129,1,419,0,31.0357,31.1357,31.2357,31.3357,31.4357,31.5357,31.6357,31.7357,31.8357,31.9357,32.0357,32.1357,32.2357,32.2857,32.3857,32.4857,32.5857,32.6857,32.6857,32.7857,32.8857,32.9857,32.9857,31.0357,424.921,424.921,1.95,32.9857,32.3857,-0.2,19
130,1,420,0,31.0357,31.1357,31.2357,31.3357,31.4357,31.5357,31.6357,31.7357,31.8357,31.9357,32.0357,32.1357,32.2357,32.2857,32.3857,32.4857,32.5857,32.6857,32.6857,32.7857,32.8857,32.9857,32.9857,31.0357,424.886,424.886,1.95,32.9857,32.3857,-0.2,19
131,1,421,0,31.0357,31.1357,31.2357,31.3357,31.4357,31.5357,31.6357,31.7357,31.8357,31.9357,32.0357,32.1357,32.2357,32.2857,32.3857,32.4857,32.5857,32.6857,32.6857,32.7857,32.8857,32.9857,32.9857,31.0357,424.85,424.85,1.95,32.9857,32.3857,-0.2,19
132,1,422,0,31.0357,31.1357,31.2357,31.3357,31.4357,31.5357,31.6357,31.7357,31.8357,31.9357,32.0357,32.1357,32.2357,32.2857,32.3857,32.4857,32.5857,32.6857,32.6857,32.7857,32.8857,32.9857,32.9857,31.0357,425.564,425.564,1.95,32.9857,32.3857,-0.2,19
133,1,423,0,31.0357,31.1357,31.2357,31.3357,31.4357,31.5357,31.6357,31.7357,31.8357,31.9357,32.0357,32.1357,32.2357,32.2857,32.3857,32.4857,32.5857,32.6857,32.6857,32.7857,32.8857,32.9857,32.9857,31.0357,425.529,425.529,1.95,32.9857,32.3857,-0.2,19
134,1,424,0,31.0357,31.1357,31.2357,31.3357,31.4357,31.5357,31.6357,31.7357,31.8357,31.9357,32.0357,32.1357,32.2357,32.2857,32.3857,32.4857,32.5857,32.6857,32.6857,32.7857,32.8857,32.9857,32.9857,31.0357,425.493,425.493,1.95,32.9857,32.3857,-0.2,19
135,1,425,0,31.0357,31.1357,31.2357,31.3357,31.4357,31.5357,31.6357,31.7357,31.8357,31.9357,32.0357,32.1357,32.2357,32.2857,32.3857,32.4857,32.5857,32.6857,32.6857,32.7857,32.8857,32.9857,32.9857,31.0357,425.457,425.457,1.95,32.9857,32.3857,-0.2,19
136,1,426,0,31.0357,31.1357,31.2357,31.3357,31.4357,31.5357,31.6357,31.7357,31.8357,31.9357,32.0357,32.1357,32.2357,32.2857,32.3857,32.4857,32.5857,32.6857,32.6857,32.7857,32.8857,32.9857,32.9857,31.0357,425.421,425.421,1.95,32.9857,32.3857,-0.2,19
137,1,427,0,31.0357,31.1357,31.2357,31.3357,31.4357,31.5357,31.6357,31.7357,31.8357,31.9357,32.0357,32.1357,32.2357,32.2857,32.3857,32.4857,32.5857,32.6857,32.6857,32.7857,32.8857,32.9857,32.9857,31.0357,425.386,425.386,1.95,32.9857,32.3857,-0.2,19
138,1,428,0,31.0357,31.1357,31.2357,31.3357,31.4357,31.5357,31.6357,31.7357,31.8357,31.9357,32.0357,32.1357,32.2357,32.2857,32.3857,32.4857,32.5857,32.6857,32.6857,32.7857,32.8857,32.9857,32.9857,31.0357,425.35,425.35,1.95,32.9857,32.3857,-0.2,19
24,1,534,0,35.5357,35.6357,35.7357,35.8357,35.9357,36.0357,36.1357,36.2357,36.3357,36.4357,36.5357,36.6357,36.7357,36.7857,36.8857,36.9857,37.0857,37.1857,37.1857,37.2857,37.3857,37.4857,37.4857,35.5357,672.707,672.707,1.95,37.4857,36.8857,-0.2,19
25,1,535,0,35.5357,35.6357,35.7357,35.8357,35.9357,36.0357,36.1357,36.2357,36.3357,36.4357,36.5357,36.6357,36.7357,36.7857,36.8857,36.9857,37.0857,37.1857,37.1857,37.2857,37.3857,37.4857,37.4857,35.5357,672.671,672.671,1.95,37.4857,36.8857,-0.2,19
26,1,536,0,35.5357,35.6357,35.7357,35.8357,35.9357,36.0357,36.1357,36.2357,36.3357,36.4357,36.5357,36.6357,36.7357,36.7857,36.8857,36.9857,37.0857,37.1857,37.1857,37.2857,37.3857,37.4857,37.4857,35.5357,673.564,673.564,1.95,37.4857,36.8857,-0.2,19
27,1,537,0,35.5357,35.6357,35.7357,35.8357,35.9357,36.0357,36.1357,36.2357,36.3357,36.4357,36.5357,36.6357,36.7357,36.7857,36.8857,36.9857,37.0857,37.1857,37.1857,37.2857,37.3857,37.4857,37.4857,35.5357,673.529,673.529,1.95,37.4857,36.8857,-0.2,19
28,1,538,0,35.5357,35.6357,35.7357,35.8357,35.9357,36.0357,36.1357,36.2357,36.3357,36.4357,36.5357,36.6357,36.7357,36.7857,36.8857,36.9857,37.0857,37.1857,37.1857,37.2857,37.3857,37.4857,37.4857,35.5357,673.493,673.493,1.95,37.4857,36.8857,-0.2,19
29,1,539,0,35.5357,35.6357,35.7357,35.8357,35.9357,36.0357,36.1357,36.2357,36.3357,36.4357,36.5357,36.6357,36.7357,36.7857,36.8857,36.9857,37.0857,37.1857,37.1857,37.2857,37.3857,37.4857,37.4857,35.5357,673.457,673.457,1.95,37.4857,36.8857,-0.2,19
30,1,540,0,35.5357,35.6357,35.7357,35.8357,35.9357,36.0357,36.1357,36.2357,36.3357,36.4357,36.5357,36.6357,36.7357,36.7857,36.8857,36.9857,37.0857,37.1857,37.1857,37.2857,37.3857,37.4857,37.4857,35.5357,673.421,673.421,1.95,37.4857,36.8857,-0.2,19
31,1,541,0,35.5357,35.6357,35.7357,35.8357,35.9357,36.0357,36.1357,36.2357,36.3357,36.4357,36.5357,36.6357,36.7357,36.7857,36.8857,36.9857,37.0857,37.1857,37.1857,37.2857,37.3857,37.4857,37.4857,35.5357,673.386,673.386,1.95,37.4857,36.8857,-0.2,19
32,1,542,0,35.5357,35.6357,35.7357,35.8357,35.9357,36.0357,36.1357,36.2357,36.3357,36.4357,36.5357,36.6357,36.7357,36.7857,36.8857,36.9857,37.0857,37.1857,37.1857,37.2857,37.3857,37.4857,37.4857,35.5357,672.243,672.243,1.95,37.4857,36.8857,-0.2,19
33,1,543,0,35.5357,35.6357,35.7357,35.8357,35.9357,36.0357,36.1357,36.2357,36.3357,36.4357,36.5357,36.6357,36.7357,36.7857,36.8857,36.9857,37.0857,37.1857,37.1857,37.2857,37.3857,37.4857,37.4857,35.5357,672.314,672.314,1.95,37.4857,36.8857,-0.2,19
34,1,544,0,35.5357,35.6357,35.7357,35.8357,35.9357,36.0357,36.1357,36.2357,36.3357,36.4357,36.5357,36.6357,36.7357,36.7857,36.8857,36.9857,37.0857,37.1857,37.1857,37.2857,37.3857,37.4857,37.4857,35.5357,672.386,672.386,1.95,37.4857,36.8857,-0.2,19
35,1,545,0,35.5357,35.6357,35.7357,35.8357,35.9357,36.0357,36.1357,36.2357,36.3357,36.4357,36.5357,36.6357,36.7357,36.7857,36.8857,36.9857,37.0857,37.1857,37.1857,37.2857,37.3857,37.4857,37.4857,35.5357,672.457,672.457,1.95,37.4857,36.8857,-0.2,19
36,1,639,0,40.0357,40.1357,40.2357,40.3357,40.4357,40.5357,40.6357,40.7357,40.8357,40.9357,41.0357,41.1357,41.2357,41.2857,41.3857,41.4857,41.5857,41.6857,41.6857,41.7857,41.8857,41.9857,41.9857,40.0357,673.35,673.35,1.95,41.9857,41.3857,-0.2,19
37,1,640,0,40.0357,40.1357,40.2357,40.3357,40.4357,40.5357,40.6357,40.7357,40.8357,40.9357,41.0357,41.1357,41.2357,41.2857,41.3857,41.4857,41.5857,41.6857,41.6857,41.7857,41.8857,41.9857,41.9857,40.0357,673.314,673.314,1.95,41.9857,41.3857,-0.2,19
38,1,641,0,40.0357,40.1357,40.2357,40.3357,40.4357,40.5357,40.6357,40.7357,40.8357,40.9357,41.0357,41.1357,41.2357,41.2857,41.3857,41.4857,41.5857,41.6857,41.6857,41.7857,41.8857,41.9857,41.9857,40.0357,673.279,673.279,1.95,41.9857,41.3857,-0.2,19
39,1,642,0,40.0357,40.1357,40.2357,40.3357,40.4357,40.5357,40.6357,40.7357,40.8357,40.9357,41.0357,41.1357,41.2357,41.2857,41.3857,41.4857,41.5857,41.6857,41.6857,41.7857,41.8857,41.9857,41.9857,40.0357,673.243,673.243,1.95,41.9857,41.3857,-0.2,19
40,1,643,0,40.0357,40.1357,40.2357,40.3357,40.4357,40.5357,40.6357,40.7357,40.8357,40.9357,41.0357,41.1357,41.2357,41.2857,41.3857,41.4857,41.5857,41.6857,41.6857,41.7857,41.8857,41.9857,41.9857,40.0357,673.207,673.207,1.95,41.9857,41.3857,-0.2,19
41,1,644,0,40.0357,40.1357,40.2357,40.3357,40.4357,40.5357,40.6357,40.7357,40.8357,40.9357,41.0357,41.1357,41.2357,41.2857,41.3857,41.4857,41.5857,41.6857,41.6857,41.7857,41.8857,41.9857,41.9857,40.0357,673.171,673.171,1.95,41.9857,41.3857,-0.2,19
42,1,645,0,40.0357,40.1357,40.2357,40.3357,40.4357,40.5357,40.6357,40.7357,40.8357,40.9357,41.0357,41.1357,41.2357,41.2857,41.3857,41.4857,41.5857,41.6857,41.6857,41.7857,41.8857,41.9857,41.9857,40.0357,674.064,674.064,1.95,41.9857,41.3857,-0.2,19
43,1,646,0,40.0357,40.1357,40.2357,40.3357,40.4357,40.5357,40.6357,40.7357,40.8357,40.9357,41.0357,41.1357,41.2357,41.2857,41.3857,41.4857,41.5857,41.6857,41.6857,41.7857,41.8857,41.9857,41.9857,40.0357,674.029,674.029,1.95,41.9857,41.3857,-0.2,19
44,1,647,0,40.0357,40.1357,40.2357,40.3357,40.4357,40.5357,40.6357,40.7357,40.8357,40.9357,41.0357,41.1357,41.2357,41.2857,41.3857,41.4857,41.5857,41.6857,41.6857,41.7857,41.8857,41.9857,41.9857,40.0357,673.993,673.993,1.95,41.9857,41.3857,-0.2,19
45,1,648,0,40.0357,40.1357,40.2357,40.3357,40.4357,40.5357,40.6357,40.7357,40.8357,40.9357,41.0357,41.1357,41.2357,41.2857,41.3857,41.4857,41.5857,41.6857,41.6857,41.7857,41.8857,41.9857,41.9857,40.0357,673.957,673.957,1.95,41.9857,41.3857,-0.2,19
46,1,649,0,40.0357,40.1357,40.2357,40.3357,40.4357,40.5357,40.6357,40.7357,40.8357,40.9357,41.0357,41.1357,41.2357,41.2857,41.3857,41.4857,41.5857,41.6857,41.6857,41.7857,41.8857,41.9857,41.9857,40.0357,673.921,673.921,1.95,41.9857,41.3857,-0.2,19
81,1,732,0,44.5357,44.6357,44.7357,44.8357,44.9357,45.0357,45.1357,45.2357,45.3357,45.4357,45.5357,45.6357,45.7357,45.7857,45.8857,45.9857,46.0857,46.1857,46.1857,46.2857,46.3857,46.4857,46.4857,44.5357,443.564,443.564,1.95,46.4857,45.8857,-0.2,19
82,1,733,0,44.5357,44.6357,44.7357,44.8357,44.9357,45.0357,45.1357,45.2357,45.3357,45.4357,45.5357,45.6357,45.7357,45.7857,45.8857,45.9857,46.0857,46.1857,46.1857,46.2857,46.3857,46.4857,46.4857,44.5357,443.529,443.529,1.95,46.4857,45.8857,-0.2,19
83,1,734,0,44.5357,44.6357,44.7357,44.8357,44.9357,45.0357,45.1357,45.2357,45.3357,45.4357,45.5357,45.6357,45.7357,45.7857,45.8857,45.9857,46.0857,46.1857,46.1857,46.2857,46.3857,46.4857,46.4857,44.5357,443.493,443.493,1.95,46.4857,45.8857,-0.2,19
84,1,735,0,44.5357,44.6357,44.7357,44.8357,44.9357,45.0357,45.1357,45.2357,45.3357,45.4357,45.5357,45.6357,45.7357,45.7857,45.8857,45.9857,46.0857,46.1857,46.1857,46.2857,46.3857,46.4857,46.4857,44.5357,443.457,443.457,1.95,46.4857,45.8857,-0.2,19
85,1,736,0,44.5357,44.6357,44.7357,44.8357,44.9357,45.0357,45.1357,45.2357,45.3357,45.4357,45.5357,45.6357,45.7357,45.7857,45.8857,45.9857,46.0857,46.1857,46.1857,46.2857,46.3857,46.4857,46.4857,44.5357,444.064,444.064,1.95,46.4857,45.8857,-0.2,19
86,1,737,0,44.5357,44.6357,44.7357,44.8357,44.9357,45.0357,45.1357,45.2357,45.3357,45.4357,45.5357,45.6357,45.7357,45.7857,45.8857,45.9857,46.0857,46.1857,46.1857,46.2857,46.3857,46.4857,46.4857,44.5357,444.029,444.029,1.95,46.4857,45.8857,-0.2,19
87,1,738,0,44.5357,44.6357,44.7357,44.8357,44.9357,45.0357,45.1357,45.2357,45.3357,45.4357,45.5357,45.6357,45.7357,45.7857,45.8857,45.9857,46.0857,46.1857,46.1857,46.2857,46.3857,46.4857,46.4857,44.5357,443.993,443.993,1.95,46.4857,45.8857,-0.2,19
88,1,739,0,44.5357,44.6357,44.7357,44.8357,44.9357,45.0357,45.1357,45.2357,45.3357,45.4357,45.5357,45.6357,45.7357,45.7857,45.8857,45.9857,46.0857,46.1857,46.1857,46.2857,46.3857,46.4857,46.4857,44.5357,443.957,443.957,1.95,46.4857,45.8857,-0.2,19
89,1,740,0,44.5357,44.6357,44.7357,44.8357,44.9357,45.0357,45.1357,45.2357,45.3357,45.4357,45.5357,45.6357,45.7357,45.7857,45.8857,45.9857,46.0857,46.1857,46.1857,46.2857,46.3857,46.4857,46.4857,44.5357,443.921,443.921,1.95,46.4857,45.8857,-0.2,19
90,1,741,0,44.5357,44.6357,44.7357,44.8357,44.9357,45.0357,45.1357,45.2357,45.3357,45.4357,45.5357,45.6357,45.7357,45.7857,45.8857,45.9857,46.0857,46.1857,46.1857,46.2857,46.3857,46.4857,46.4857,44.5357,443.886,443.886,1.95,46.4857,45.8857,-0.2,19
91,1,742,0,44.5357,44.6357,44.7357,44.8357,44.9357,45.0357,45.1357,45.2357,45.3357,45.4357,45.5357,45.6357,45.7357,45.7857,45.8857,45.9857,46.0857,46.1857,46.1857,46.2857,46.3857,46.4857,46.4857,44.5357,443.85,443.85,1.95,46.4857,45.8857,-0.2,19
92,1,743,0,44.5357,44.6357,44.7357,44.8357,44.9357,45.0357,45.1357,45.2357,45.3357,45.4357,45.5357,45.6357,45.7357,45.7857,45.8857,45.9857,46.0857,46.1857,46.1857,46.2857,46.3857,46.4857,46.4857,44.5357,443.814,443.814,1.95,46.4857,45.8857,-0.2,19
47,1,814,0,49.0357,49.1357,49.2357,49.3357,49.4357,49.5357,49.6357,49.7357,49.8357,49.9357,50.0357,50.1357,50.2357,50.2857,50.3857,50.4857,50.5857,50.6857,50.6857,50.7857,50.8857,50.9857,50.9857,49.0357,673.886,673.886,1.95,50.9857,50.3857,-0.2,19
48,1,815,0,49.0357,49.1357,49.2357,49.3357,49.4357,49.5357,49.6357,49.7357,49.8357,49.9357,50.0357,50.1357,50.2357,50.2857,50.3857,50.4857,50.5857,50.6857,50.6857,50.7857,50.8857,50.9857,50.9857,49.0357,673.85,673.85,1.95,50.9857,50.3857,-0.2,19
49,1,816,0,49.0357,49.1357,49.2357,49.3357,49.4357,49.5357,49.6357,49.7357,49.8357,49.9357,50.0357,50.1357,50.2357,50.2857,50.3857,50.4857,50.5857,50.6857,50.6857,50.7857,50.8857,50.9857,50.9857,49.0357,673.814,673.814,1.95,50.9857,50.3857,-0.2,19
50,1,817,0,49.0357,49.1357,49.2357,49.3357,49.4357,49.5357,49.6357,49.7357,49.8357,49.9357,50.0357,50.1357,50.2357,50.2857,50.3857,50.4857,50.5857,50.6857,50.6857,50.7857,50.8857,50.9857,50.9857,49.0357,673.779,673.779,1.95,50.9857,50.3857,-0.2,19
51,1,818,0,49.0357,49.1357,49.2357,49.3357,49.4357,49.5357,49.6357,49.7357,49.8357,49.9357,50.0357,50.1357,50.2357,50.2857,50.3857,50.4857,50.5857,50.6857,50.6857,50.7857,50.8857,50.9857,50.9857,49.0357,673.743,673.743,1.95,50.9857,50.3857,-0.2,19
52,1,819,0,49.0357,49.1357,49.2357,49.3357,49.4357,49.5357,49.6357,49.7357,49.8357,49.9357,50.0357,50.1357,50.2357,50.2857,50.3857,50.4857,50.5857,50.6857,50.6857,50.7857,50.8857,50.9857,50.9857,49.0357,673.707,673.707,1.95,50.9857,50.3857,-0.2,19
53,1,820,0,49.0357,49.1357,49.2357,49.3357,49.4357,49.5357,49.6357,49.7357,49.8357,49.9357,50.0357,50.1357,50.2357,50.2857,50.3857,50.4857,50.5857,50.6857,50.6857,50.7857,50.8857,50.9857,50.9857,49.0357,673.671,673.671,1.95,50.9857,50.3857,-0.2,19
54,1,821,0,49.0357,49.1357,49.2357,49.3357,49.4357,49.5357,49.6357,49.7357,49.8357,49.9357,50.0357,50.1357,50.2357,50.2857,50.3857,50.4857,50.5857,50.6857,50.6857,50.7857,50.8857,50.9857,50.9857,49.0357,674.386,674.386,1.95,50.9857,50.3857,-0.2,19
55,1,822,0,49.0357,49.1357,49.2357,49.3357,49.4357,49.5357,49.6357,49.7357,49.8357,49.9357,50.0357,50.1357,50.2357,50.2857,50.3857,50.4857,50.5857,50.6857,50.6857,50.7857,50.8857,50.9857,50.9857,49.0357,674.35,674.35,1.95,50.9857,50.3857,-0.2,19
56,1,823,0,49.0357,49.1357,49.2357,49.3357,49.4357,49.5357,49.6357,49.7357,49.8357,49.9357,50.0357,50.1357,50.2357,50.2857,50.3857,50.4857,50.5857,50.6857,50.6857,50.7857,50.8857,50.9857,50.9857,49.0357,674.314,674.314,1.95,50.9857,50.3857,-0.2,19
57,1,824,0,49.0357,49.1357,49.2357,49.3357,49.4357,49.5357,49.6357,49.7357,49.8357,49.9357,50.0357,50.1357,50.2357,50.2857,50.3857,50.4857,50.5857,50.6857,50.6857,50.7857,50.8857,50.9857,50.9857,49.0357,674.279,674.279,1.95,50.9857,50.3857,-0.2,19
58,1,884,0,53.5357,53.6357,53.7357,53.8357,53.9357,54.0357,54.1357,54.2357,54.3357,54.4357,54.5357,54.6357,54.7357,54.7857,54.8857,54.9857,55.0857,55.1857,55.1857,55.2857,55.3857,55.4857,55.4857,53.5357,674.243,674.243,1.95,55.4857,54.8857,-0.2,19
59,1,885,0,53.5357,53.6357,53.7357,53.8357,53.9357,54.0357,54.1357,54.2357,54.3357,54.4357,54.5357,54.6357,54.7357,54.7857,54.8857,54.9857,55.0857,55.1857,55.1857,55.2857,55.3857,55.4857,55.4857,53.5357,674.207,674.207,1.95,55.4857,54.8857,-0.2,19
60,1,886,0,53.5357,53.6357,53.7357,53.8357,53.9357,54.0357,54.1357,54.2357,54.3357,54.4357,54.5357,54.6357,54.7357,54.7857,54.8857,54.9857,55.0857,55.1857,55.1857,55.2857,55.3857,55.4857,55.4857,53.5357,674.171,674.171,1.95,55.4857,54.8857,-0.2,19
61,1,887,0,53.5357,53.6357,53.7357,53.8357,53.9357,54.0357,54.1357,54.2357,54.3357,54.4357,54.5357,54.6357,54.7357,54.7857,54.8857,54.9857,55.0857,55.1857,55.1857,55.2857,55.3857,55.4857,55.4857,53.5357,443.421,443.421,1.95,55.4857,54.8857,-0.2,19
62,1,888,0,53.5357,53.6357,53.7357,53.8357,53.9357,54.0357,54.1357,54.2357,54.3357,54.4357,54.5357,54.6357,54.7357,54.7857,54.8857,54.9857,55.0857,55.1857,55.1857,55.2857,55.3857,55.4857,55.4857,53.5357,443.386,443.386,1.95,55.4857,54.8857,-0.2,19
63,1,889,0,53.5357,53.6357,53.7357,53.8357,53.9357,54.0357,54.1357,54.2357,54.3357,54.4357,54.5357,54.6357,54.7357,54.7857,54.8857,54.9857,55.0857,55.1857,55.1857,55.2857,55.3857,55.4857,55.4857,53.5357,443.35,443.35,1.95,55.4857,54.8857,-0.2,19
64,1,890,0,53.5357,53.6357,53.7357,53.8357,53.9357,54.0357,54.1357,54.2357,54.3357,54.4357,54.5357,54.6357,54.7357,54.7857,54.8857,54.9857,55.0857,55.1857,55.1857,55.2857,55.3857,55.4857,55.4857,53.5357,443.314,443.314,1.95,55.4857,54.8857,-0.2,19
65,1,891,0,53.5357,53.6357,53.7357,53.8357,53.9357,54.0357,54.1357,54.2357,54.3357,54.4357,54.5357,54.6357,54.7357,54.7857,54.8857,54.9857,55.0857,55.1857,55.1857,55.2857,55.3857,55.4857,55.4857,53.5357,443.279,443.279,1.95,55.4857,54.8857,-0.2,19
66,1,892,0,53.5357,53.6357,53.7357,53.8357,53.9357,54.0357,54.1357,54.2357,54.3357,54.4357,54.5357,54.6357,54.7357,54.7857,54.8857,54.9857,55.0857,55.1857,55.1857,55.2857,55.3857,55.4857,55.4857,53.5357,443.243,443.243,1.95,55.4857,54.8857,-0.2,19
67,1,893,0,53.5357,53.6357,53.7357,53.8357,53.9357,54.0357,54.1357,54.2357,54.3357,54.4357,54.5357,54.6357,54.7357,54.7857,54.8857,54.9857,55.0857,55.1857,55.1857,55.2857,55.3857,55.4857,55.4857,53.5357,443.207,443.207,1.95,55.4857,54.8857,-0.2,19
68,1,894,0,53.5357,53.6357,53.7357,53.8357,53.9357,54.0357,54.1357,54.2357,54.3357,54.4357,54.5357,54.6357,54.7357,54.7857,54.8857,54.9857,55.0857,55.1857,55.1857,55.2857,55.3857,55.4857,55.4857,53.5357,443.171,443.171,1.95,55.4857,54.8857,-0.2,19
69,1,943,0,58.0357,58.1357,58.2357,58.3357,58.4357,58.5357,58.6357,58.7357,58.8357,58.9357,59.0357,59.1357,59.2357,59.2857,59.3857,59.4857,59.5857,59.6857,59.6857,59.7857,59.8857,59.9857,59.9857,58.0357,444.529,444.529,1.95,59.9857,59.3857,-0.2,19
70,1,944,0,58.0357,58.1357,58.2357,58.3357,58.4357,58.5357,58.6357,58.7357,58.8357,58.9357,59.0357,59.1357,59.2357,59.2857,59.3857,59.4857,59.5857,59.6857,59.6857,59.7857,59.8857,59.9857,59.9857,58.0357,443.064,443.064,1.95,59.9857,59.3857,-0.2,19
71,1,945,0,58.0357,58.1357,58.2357,58.3357,58.4357,58.5357,58.6357,58.7357,58.8357,58.9357,59.0357,59.1357,59.2357,59.2857,59.3857,59.4857,59.5857,59.6857,59.6857,59.7857,59.8857,59.9857,59.9857,58.0357,443.029,443.029,1.95,59.9857,59.3857,-0.2,19
72,1,946,0,58.0357,58.1357,58.2357,58.3357,58.4357,58.5357,58.6357,58.7357,58.8357,58.9357,59.0357,59.1357,59.2357,59.2857,59.3857,59.4857,59.5857,59.6857,59.6857,59.7857,59.8857,59.9857,59.9857,58.0357,442.993,442.993,1.95,59.9857,59.3857,-0.2,19
73,1,947,0,58.0357,58.1357,58.2357,58.3357,58.4357,58.5357,58.6357,58.7357,58.8357,58.9357,59.0357,59.1357,59.2357,59.2857,59.3857,59.4857,59.5857,59.6857,59.6857,59.7857,59.8857,59.9857,59.9857,58.0357,442.957,442.957,1.95,59.9857,59.3857,-0.2,19
74,1,948,0,58.0357,58.1357,58.2357,58.3357,58.4357,58.5357,58.6357,58.7357,58.8357,58.9357,59.0357,59.1357,59.2357,59.2857,59.3857,59.4857,59.5857,59.6857,59.6857,59.7857,59.8857,59.9857,59.9857,58.0357,442.921,442.921,1.95,59.9857,59.3857,-0.2,19
75,1,949,0,58.0357,58.1357,58.2357,58.3357,58.4357,58.5357,58.6357,58.7357,58.8357,58.9357,59.0357,59.1357,59.2357,59.2857,59.3857,59.4857,59.5857,59.6857,59.6857,59.7857,59.8857,59.9857,59.9857,58.0357,442.886,442.886,1.95,59.9857,59.3857,-0.2,19
76,1,950,0,58.0357,58.1357,58.2357,58.3357,58.4357,58.5357,58.6357,58.7357,58.8357,58.9357,59.0357,59.1357,59.2357,59.2857,59.3857,59.4857,59.5857,59.6857,59.6857,59.7857,59.8857,59.9857,59.9857,58.0357,442.85,442.85,1.95,59.9857,59.3857,-0.2,19
77,1,951,0,58.0357,58.1357,58.2357,58.3357,58.4357,58.5357,58.6357,58.7357,58.8357,58.9357,59.0357,59.1357,59.2357,59.2857,59.3857,59.4857,59.5857,59.6857,59.6857,59.7857,59.8857,59.9857,59.9857,58.0357,442.814,442.814,1.95,59.9857,59.3857,-0.2,19
78,1,952,0,58.0357,58.1357,58.2357,58.3357,58.4357,58.5357,58.6357,58.7357,58.8357,58.9357,59.0357,59.1357,59.2357,59.2857,59.3857,59.4857,59.5857,59.6857,59.6857,59.7857,59.8857,59.9857,59.9857,58.0357,442.779,442.779,1.95,59.9857,59.3857,-0.2,19
79,1,953,0,58.0357,58.1357,58.2357,58.3357,58.4357,58.5357,58.6357,58.7357,58.8357,58.9357,59.0357,59.1357,59.2357,59.2857,59.3857,59.4857,59.5857,59.6857,59.6857,59.7857,59.8857,59.9857,59.9857,58.0357,442.743,442.743,1.95,59.9857,59.3857,-0.2,19
80,1,954,0,58.0357,58.1357,58.2357,58.3357,58.4357,58.5357,58.6357,58.7357,58.8357,58.9357,59.0357,59.1357,59.2357,59.2857,59.3857,59.4857,59.5857,59.6857,59.6857,59.7857,59.8857,59.9857,59.9857,58.0357,442.707,442.707,1.95,59.9857,59.3857,-0.2,19
93,1,997,0,62.5357,62.6357,62.7357,62.8357,62.9357,63.0357,63.1357,63.2357,63.3357,63.4357,63.5357,63.6357,63.7357,63.7857,63.8857,63.9857,64.0857,64.1857,64.1857,64.2857,64.3857,64.4857,64.4857,62.5357,443.779,443.779,1.95,64.4857,63.8857,-0.2,19
94,1,998,0,62.5357,62.6357,62.7357,62.8357,62.9357,63.0357,63.1357,63.2357,63.3357,63.4357,63.5357,63.6357,63.7357,63.7857,63.8857,63.9857,64.0857,64.1857,64.1857,64.2857,64.3857,64.4857,64.4857,62.5357,443.743,443.743,1.95,64.4857,63.8857,-0.2,19
95,1,999,0,62.5357,62.6357,62.7357,62.8357,62.9357,63.0357,63.1357,63.2357,63.3357,63.4357,63.5357,63.6357,63.7357,63.7857,63.8857,63.9857,64.0857,64.1857,64.1857,64.2857,64.3857,64.4857,64.4857,62.5357,443.707,443.707,1.95,64.4857,63.8857,-0.2,19
96,1,1000,0,62.5357,62.6357,62.7357,62.8357,62.9357,63.0357,63.1357,63.2357,63.3357,63.4357,63.5357,63.6357,63.7357,63.7857,63.8857,63.9857,64.0857,64.1857,64.1857,64.2857,64.3857,64.4857,64.4857,62.5357,443.671,443.671,1.95,64.4857,63.8857,-0.2,19
97,1,1001,0,62.5357,62.6357,62.7357,62.8357,62.9357,63.0357,63.1357,63.2357,63.3357,63.4357,63.5357,63.6357,63.7357,63.7857,63.8857,63.9857,64.0857,64.1857,64.1857,64.2857,64.3857,64.4857,64.4857,62.5357,444.493,444.493,1.95,64.4857,63.8857,-0.2,19
145,1,991,0,62.5357,62.6357,62.7357,62.8357,62.9357,63.0357,63.1357,63.2357,63.3357,63.4357,63.5357,63.6357,63.7357,63.7857,63.8857,63.9857,64.0857,64.1857,64.1857,64.2857,64.3857,64.4857,64.4857,62.5357,428.886,428.886,1.95,64.4857,63.8857,-0.2,19
146,1,992,0,62.5357,62.6357,62.7357,62.8357,62.9357,63.0357,63.1357,63.2357,63.3357,63.4357,63.5357,63.6357,63.7357,63.7857,63.8857,63.9857,64.0857,64.1857,64.1857,64.2857,64.3857,64.4857,64.4857,62.5357,428.85,428.85,1.95,64.4857,63.8857,-0.2,19
147,1,993,0,62.5357,62.6357,62.7357,62.8357,62.9357,63.0357,63.1357,63.2357,63.3357,63.4357,63.5357,63.6357,63.7357,63.7857,63.8857,63.9857,64.0857,64.1857,64.1857,64.2857,64.3857,64.4857,64.4857,62.5357,428.814,428.814,1.95,64.4857,63.8857,-0.2,19
148,1,994,0,62.5357,62.6357,62.7357,62.8357,62.9357,63.0357,63.1357,63.2357,63.3357,63.4357,63.5357,63.6357,63.7357,63.7857,63.8857,63.9857,64.0857,64.1857,64.1857,64.2857,64.3857,64.4857,64.4857,62.5357,428.779,428.779,1.95,64.4857,63.8857,-0.2,19
149,1,995,0,62.5357,62.6357,62.7357,62.8357,62.9357,63.0357,63.1357,63.2357,63.3357,63.4357,63.5357,63.6357,63.7357,63.7857,63.8857,63.9857,64.0857,64.1857,64.1857,64.2857,64.3857,64.4857,64.4857,62.5357,428.743,428.743,1.95,64.4857,63.8857,-0.2,19
150,1,996,0,62.5357,62.6357,62.7357,62.8357,62.9357,63.0357,63.1357,63.2357,63.3357,63.4357,63.5357,63.6357,63.7357,63.7857,63.8857,63.9857,64.0857,64.1857,64.1857,64.2857,64.3857,64.4857,64.4857,62.5357,428.707,428.707,1.95,64.4857,63.8857,-0.2,19
98,1,1027,0,67.0357,67.1357,67.2357,67.3357,67.4357,67.5357,67.6357,67.7357,67.8357,67.9357,68.0357,68.1357,68.2357,68.2857,68.3857,68.4857,68.5857,68.6857,68.6857,68.7857,68.8857,68.9857,68.9857,67.0357,444.457,444.457,1.95,68.9857,68.3857,-0.2,19
99,1,1028,0,67.0357,67.1357,67.2357,67.3357,67.4357,67.5357,67.6357,67.7357,67.8357,67.9357,68.0357,68.1357,68.2357,68.2857,68.3857,68.4857,68.5857,68.6857,68.6857,68.7857,68.8857,68.9857,68.9857,67.0357,444.421,444.421,1.95,68.9857,68.3857,-0.2,19
100,1,1029,0,67.0357,67.1357,67.2357,67.3357,67.4357,67.5357,67.6357,67.7357,67.8357,67.9357,68.0357,68.1357,68.2357,68.2857,68.3857,68.4857,68.5857,68.6857,68.6857,68.7857,68.8857,68.9857,68.9857,67.0357,444.386,444.386,1.95,68.9857,68.3857,-0.2,19
101,1,1030,0,67.0357,67.1357,67.2357,67.3357,67.4357,67.5357,67.6357,67.7357,67.8357,67.9357,68.0357,68.1357,68.2357,68.2857,68.3857,68.4857,68.5857,68.6857,68.6857,68.7857,68.8857,68.9857,68.9857,67.0357,444.35,444.35,1.95,68.9857,68.3857,-0.2,19
102,1,1031,0,67.0357,67.1357,67.2357,67.3357,67.4357,67.5357,67.6357,67.7357,67.8357,67.9357,68.0357,68.1357,68.2357,68.2857,68.3857,68.4857,68.5857,68.6857,68.6857,68.7857,68.8857,68.9857,68.9857,67.0357,444.314,444.314,1.95,68.9857,68.3857,-0.2,19
103,1,1032,0,67.0357,67.1357,67.2357,67.3357,67.4357,67.5357,67.6357,67.7357,67.8357,67.9357,68.0357,68.1357,68.2357,68.2857,68.3857,68.4857,68.5857,68.6857,68.6857,68.7857,68.8857,68.9857,68.9857,67.0357,444.279,444.279,1.95,68.9857,68.3857,-0.2,19
104,1,1033,0,67.0357,67.1357,67.2357,67.3357,67.4357,67.5357,67.6357,67.7357,67.8357,67.9357,68.0357,68.1357,68.2357,68.2857,68.3857,68.4857,68.5857,68.6857,68.6857,68.7857,68.8857,68.9857,68.9857,67.0357,444.243,444.243,1.95,68.9857,68.3857,-0.2,19
105,1,1034,0,67.0357,67.1357,67.2357,67.3357,67.4357,67.5357,67.6357,67.7357,67.8357,67.9357,68.0357,68.1357,68.2357,68.2857,68.3857,68.4857,68.5857,68.6857,68.6857,68.7857,68.8857,68.9857,68.9857,67.0357,444.207,444.207,1.95,68.9857,68.3857,-0.2,19
106,1,1035,0,67.0357,67.1357,67.2357,67.3357,67.4357,67.5357,67.6357,67.7357,67.8357,67.9357,68.0357,68.1357,68.2357,68.2857,68.3857,68.4857,68.5857,68.6857,68.6857,68.7857,68.8857,68.9857,68.9857,67.0357,444.171,444.171,1.95,68.9857,68.3857,-0.2,19
107,1,1036,0,67.0357,67.1357,67.2357,67.3357,67.4357,67.5357,67.6357,67.7357,67.8357,67.9357,68.0357,68.1357,68.2357,68.2857,68.3857,68.4857,68.5857,68.6857,68.6857,68.7857,68.8857,68.9857,68.9857,67.0357,417.779,417.779,1.95,68.9857,68.3857,-0.2,19
108,1,1037,0,67.0357,67.1357,67.2357,67.3357,67.4357,67.5357,67.6357,67.7357,67.8357,67.9357,68.0357,68.1357,68.2357,68.2857,68.3857,68.4857,68.5857,68.6857,68.6857,68.7857,68.8857,68.9857,68.9857,67.0357,417.743,417.743,1.95,68.9857,68.3857,-0.2,19
109,1,1038,0,67.0357,67.1357,67.2357,67.3357,67.4357,67.5357,67.6357,67.7357,67.8357,67.9357,68.0357,68.1357,68.2357,68.2857,68.3857,68.4857,68.5857,68.6857,68.6857,68.7857,68.8857,68.9857,68.9857,67.0357,417.707,417.707,1.95,68.9857,68.3857,-0.2,19
110,1,1052,0,71.5357,71.6357,71.7357,71.8357,71.9357,72.0357,72.1357,72.2357,72.3357,72.4357,72.5357,72.6357,72.7357,72.7857,72.8857,72.9857,73.0857,73.1857,73.1857,73.2857,73.3857,73.4857,73.4857,71.5357,417.671,417.671,1.95,73.4857,72.8857,-0.2,19
111,1,1053,0,71.5357,71.6357,71.7357,71.8357,71.9357,72.0357,72.1357,72.2357,72.3357,72.4357,72.5357,72.6357,72.7357,72.7857,72.8857,72.9857,73.0857,73.1857,73.1857,73.2857,73.3857,73.4857,73.4857,71.5357,418.35,418.35,1.95,73.4857,72.8857,-0.2,19
112,1,1054,0,71.5357,71.6357,71.7357,71.8357,71.9357,72.0357,72.1357,72.2357,72.3357,72.4357,72.5357,72.6357,72.7357,72.7857,72.8857,72.9857,73.0857,73.1857,73.1857,73.2857,73.3857,73.4857,73.4857,71.5357,418.314,418.314,1.95,73.4857,72.8857,-0.2,19
113,1,1055,0,71.5357,71.6357,71.7357,71.8357,71.9357,72.0357,72.1357,72.2357,72.3357,72.4357,72.5357,72.6357,72.7357,72.7857,72.8857,72.9857,73.0857,73.1857,73.1857,73.2857,73.3857,73.4857,73.4857,71.5357,418.279,418.279,1.95,73.4857,72.8857,-0.2,19
114,1,1056,0,71.5357,71.6357,71.7357,71.8357,71.9357,72.0357,72.1357,72.2357,72.3357,72.4357,72.5357,72.6357,72.7357,72.7857,72.8857,72.9857,73.0857,73.1857,73.1857,73.2857,73.3857,73.4857,73.4857,71.5357,418.243,418.243,1.95,73.4857,72.8857,-0.2,19
115,1,1057,0,71.5357,71.6357,71.7357,71.8357,71.9357,72.0357,72.1357,72.2357,72.3357,72.4357,72.5357,72.6357,72.7357,72.7857,72.8857,72.9857,73.0857,73.1857,73.1857,73.2857,73.3857,73.4857,73.4857,71.5357,418.207,418.207,1.95,73.4857,72.8857,-0.2,19
116,1,1058,0,71.5357,71.6357,71.7357,71.8357,71.9357,72.0357,72.1357,72.2357,72.3357,72.4357,72.5357,72.6357,72.7357,72.7857,72.8857,72.9857,73.0857,73.1857,73.1857,73.2857,73.3857,73.4857,73.4857,71.5357,418.171,418.171,1.95,73.4857,72.8857,-0.2,19
139,1,1059,0,71.5357,71.6357,71.7357,71.8357,71.9357,72.0357,72.1357,72.2357,72.3357,72.4357,72.5357,72.6357,72.7357,72.7857,72.8857,72.9857,73.0857,73.1857,73.1857,73.2857,73.3857,73.4857,73.4857,71.5357,425.314,425.314,1.95,73.4857,72.8857,-0.2,19
140,1,1060,0,71.5357,71.6357,71.7357,71.8357,71.9357,72.0357,72.1357,72.2357,72.3357,72.4357,72.5357,72.6357,72.7357,72.7857,72.8857,72.9857,73.0857,73.1857,73.1857,73.2857,73.3857,73.4857,73.4857,71.5357,425.279,425.279,1.95,73.4857,72.8857,-0.2,19
141,1,1061,0,71.5357,71.6357,71.7357,71.8357,71.9357,72.0357,72.1357,72.2357,72.3357,72.4357,72.5357,72.6357,72.7357,72.7857,72.8857,72.9857,73.0857,73.1857,73.1857,73.2857,73.3857,73.4857,73.4857,71.5357,425.243,425.243,1.95,73.4857,72.8857,-0.2,19
142,1,1062,0,71.5357,71.6357,71.7357,71.8357,71.9357,72.0357,72.1357,72.2357,72.3357,72.4357,72.5357,72.6357,72.7357,72.7857,72.8857,72.9857,73.0857,73.1857,73.1857,73.2857,73.3857,73.4857,73.4857,71.5357,425.207,425.207,1.95,73.4857,72.8857,-0.2,19
143,1,1063,0,71.5357,71.6357,71.7357,71.8357,71.9357,72.0357,72.1357,72.2357,72.3357,72.4357,72.5357,72.6357,72.7357,72.7857,72.8857,72.9857,73.0857,73.1857,73.1857,73.2857,73.3857,73.4857,73.4857,71.5357,425.171,425.171,1.95,73.4857,72.8857,-0.2,19
144,1,1065,0,76.0357,76.1357,76.2357,76.3357,76.4357,76.5357,76.6357,76.7357,76.8357,76.9357,77.0357,77.1357,77.2357,77.2857,77.3857,77.4857,77.5857,77.6857,77.6857,77.7857,77.8857,77.9857,77.9857,76.0357,428.671,428.671,1.95,77.9857,77.3857,-0.2,19
