ue_count,kpi,archived,new,diff,diff_pct
1,rrc_connected,1.0,1.0,0.0,0.0
1,actualRbCount,189.0,189.0,0.0,0.0
1,parser.totalRxBytes,14080.0,14080.0,0.0,0.0
1,parser.totalTxBytes,14080.0,14080.0,0.0,0.0
1,parser.totalLostPackets,0.0,0.0,0.0,nan
1,parser.avgUeSinrDb,63.4703,63.4703,0.0,0.0
1,parser.avgUeMcs,27.745454545454546,27.745454545454546,0.0,0.0
1,parser.avgUeRlcDelayMs,1.1724,1.1724,0.0,0.0
1,parser.avgUePdcpDelayMs,1.50392,1.50392,0.0,0.0
1,flowmon.dl_throughput_mbps,0.0037546666666666666,0.0037546666666666666,0.0,0.0
1,flowmon.mean_flow_delay_ms,1.5042,1.5042,0.0,0.0
1,flowmon.mean_flow_jitter_ms,0.22067090909090908,0.22067090909090908,0.0,0.0
1,flowmon.lostPackets,0.0,0.0,0.0,nan
1,run_summary.wallClockSeconds,5.01811,2.44679,-2.57132,-51.24080580138738
10,rrc_connected,10.0,10.0,0.0,0.0
10,actualRbCount,189.0,189.0,0.0,0.0
10,parser.totalRxBytes,6909816.0,6909816.0,0.0,0.0
10,parser.totalTxBytes,6909816.0,6909816.0,0.0,0.0
10,parser.totalLostPackets,0.0,0.0,0.0,nan
10,parser.avgUeSinrDb,63.757899999999985,63.757899999999985,0.0,0.0
10,parser.avgUeMcs,27.7392193885919,27.7392193885919,0.0,0.0
10,parser.avgUeRlcDelayMs,1.207114,1.207114,0.0,0.0
10,parser.avgUePdcpDelayMs,1.492207,1.492207,0.0,0.0
10,flowmon.dl_throughput_mbps,1.8426176,1.8426176,0.0,0.0
10,flowmon.mean_flow_delay_ms,1.4935229335948252,1.4935229335948252,0.0,0.0
10,flowmon.mean_flow_jitter_ms,0.18875401687032098,0.18875401687032098,0.0,0.0
10,flowmon.lostPackets,0.0,0.0,0.0,nan
10,run_summary.wallClockSeconds,25.0702,14.1763,-10.8939,-43.45358234078707
25,rrc_connected,25.0,25.0,0.0,0.0
25,actualRbCount,189.0,189.0,0.0,0.0
25,parser.totalRxBytes,18801376.0,18801376.0,0.0,0.0
25,parser.totalTxBytes,18801704.0,18801704.0,0.0,0.0
25,parser.totalLostPackets,0.0,0.0,0.0,nan
25,parser.avgUeSinrDb,63.799296,63.799296,0.0,0.0
25,parser.avgUeMcs,27.551263063243965,27.551263063243965,0.0,0.0
25,parser.avgUeRlcDelayMs,1.278618,1.278618,0.0,0.0
25,parser.avgUePdcpDelayMs,1.5695248000000002,1.5695248000000002,0.0,0.0
25,flowmon.dl_throughput_mbps,5.013700266666667,5.013700266666667,0.0,0.0
25,flowmon.mean_flow_delay_ms,1.5716233374516229,1.5716233374516229,0.0,0.0
25,flowmon.mean_flow_jitter_ms,0.19519270099541053,0.19519270099541053,0.0,0.0
25,flowmon.lostPackets,0.0,0.0,0.0,nan
25,run_summary.wallClockSeconds,78.8438,45.3441,-33.499700000000004,-42.48869283317141
50,rrc_connected,50.0,50.0,0.0,0.0
50,actualRbCount,189.0,189.0,0.0,0.0
50,parser.totalRxBytes,37602752.0,37602752.0,0.0,0.0
50,parser.totalTxBytes,37603408.0,37603408.0,0.0,0.0
50,parser.totalLostPackets,0.0,0.0,0.0,nan
50,parser.avgUeSinrDb,63.807828,63.807828,0.0,0.0
50,parser.avgUeMcs,27.572955590559054,27.572955590559054,0.0,0.0
50,parser.avgUeRlcDelayMs,1.3121665999999998,1.3121665999999998,0.0,0.0
50,parser.avgUePdcpDelayMs,1.698229,1.698229,0.0,0.0
50,flowmon.dl_throughput_mbps,10.027400533333333,10.027400533333333,0.0,0.0
50,flowmon.mean_flow_delay_ms,1.7016009791154043,1.7016009791154043,0.0,0.0
50,flowmon.mean_flow_jitter_ms,0.2131438735838451,0.2131438735838451,0.0,0.0
50,flowmon.lostPackets,0.0,0.0,0.0,nan
50,run_summary.wallClockSeconds,191.225,112.109,-79.116,-41.373251405412475
100,rrc_connected,100.0,100.0,0.0,0.0
100,actualRbCount,189.0,189.0,0.0,0.0
100,parser.totalRxBytes,76264472.0,76264472.0,0.0,0.0
100,parser.totalTxBytes,76266112.0,76266112.0,0.0,0.0
100,parser.totalLostPackets,0.0,0.0,0.0,nan
100,parser.avgUeSinrDb,63.82332399999999,63.82332399999999,0.0,0.0
100,parser.avgUeMcs,27.739383351765,27.739383351765,0.0,0.0
100,parser.avgUeRlcDelayMs,1.3443110000000003,1.3443110000000003,0.0,0.0
100,parser.avgUePdcpDelayMs,1.9514622,1.9514622,0.0,0.0
100,flowmon.dl_throughput_mbps,20.337192533333337,20.337192533333337,0.0,0.0
100,flowmon.mean_flow_delay_ms,1.9574698993157993,1.9574698993157993,0.0,0.0
100,flowmon.mean_flow_jitter_ms,0.2595647972861906,0.2595647972861906,0.0,0.0
100,flowmon.lostPackets,0.0,0.0,0.0,nan
100,run_summary.wallClockSeconds,536.328,311.52,-224.808,-41.91614086902045
150,rrc_connected,150.0,150.0,0.0,0.0
150,actualRbCount,189.0,189.0,0.0,0.0
150,parser.totalRxBytes,113867224.0,113867224.0,0.0,0.0
150,parser.totalTxBytes,113869520.0,113869520.0,0.0,0.0
150,parser.totalLostPackets,0.0,0.0,0.0,nan
150,parser.avgUeSinrDb,63.81022533333334,63.81022533333334,0.0,0.0
150,parser.avgUeMcs,27.853103718333532,27.853103718333532,0.0,0.0
150,parser.avgUeRlcDelayMs,1.3515362666666666,1.3515362666666666,0.0,0.0
150,parser.avgUePdcpDelayMs,2.228731466666667,2.228731466666667,0.0,0.0
150,flowmon.dl_throughput_mbps,30.364593066666668,30.364593066666668,0.0,0.0
150,flowmon.mean_flow_delay_ms,2.237280920483232,2.237280920483232,0.0,0.0
150,flowmon.mean_flow_jitter_ms,0.3080943787632549,0.3080943787632549,0.0,0.0
150,flowmon.lostPackets,0.0,0.0,0.0,nan
150,run_summary.wallClockSeconds,1128.77,680.127,-448.64300000000003,-39.74618389928861
200,rrc_connected,200.0,200.0,0.0,0.0
200,actualRbCount,189.0,189.0,0.0,0.0
200,parser.totalRxBytes,152528944.0,152528944.0,0.0,0.0
200,parser.totalTxBytes,152532224.0,152532224.0,0.0,0.0
200,parser.totalLostPackets,0.0,0.0,0.0,nan
200,parser.avgUeSinrDb,63.8146145,63.8146145,0.0,0.0
200,parser.avgUeMcs,nan,nan,nan,nan
200,parser.avgUeRlcDelayMs,1.35682555,1.35682555,0.0,0.0
200,parser.avgUePdcpDelayMs,2.5073314499999997,2.5073314499999997,0.0,0.0
200,flowmon.dl_throughput_mbps,40.67438506666667,40.67438506666667,0.0,0.0
200,flowmon.mean_flow_delay_ms,2.518523405619914,2.518523405619914,0.0,0.0
200,flowmon.mean_flow_jitter_ms,0.3714484032753261,0.3714484032753261,0.0,0.0
200,flowmon.lostPackets,0.0,0.0,0.0,nan
200,run_summary.wallClockSeconds,1530.14,884.727,-645.4130000000001,-42.17999660161816
